subject,baseline_overall_mean,aug_overall_mean,delta_overall_mean,n_rows
Chemistry,3.69,3.476363636363636,-0.21363636363636362,110
Mathematics,3.7251999999999996,3.4968000000000004,-0.2284,250
Physics,3.5409326424870464,3.3108808290155443,-0.23005181347150258,193
